country_id,month,target
101,2024-01-01,169000
101,2024-02-01,171200
101,2024-03-01,199900
101,2024-04-01,187400
101,2024-05-01,235800
101,2024-06-01,233800
101,2024-07-01,237700
101,2024-08-01,245500
101,2024-09-01,213800
101,2024-10-01,212500
101,2024-11-01,274700
101,2024-12-01,323600
101,2025-01-01,191700
101,2025-02-01,181800
101,2025-03-01,219700
101,2025-04-01,210100
101,2025-05-01,265400
101,2025-06-01,239400
101,2025-07-01,259000
101,2025-08-01,270800
101,2025-09-01,229200
101,2025-10-01,231900
101,2025-11-01,306600
101,2025-12-01,366300
101,2026-01-01,282500
101,2026-02-01,183600
101,2026-03-01,230200
101,2026-04-01,206200
101,2026-05-01,238600
101,2026-06-01,267900
101,2026-07-01,226900
101,2026-08-01,283400
101,2026-09-01,255900
102,2024-01-01,27200
102,2024-02-01,23500
102,2024-03-01,38600
102,2024-04-01,53300
102,2024-05-01,44300
102,2024-06-01,40400
102,2024-07-01,52900
102,2024-08-01,41900
102,2024-09-01,38100
102,2024-10-01,65900
102,2024-11-01,64900
102,2024-12-01,65100
102,2025-01-01,29900
102,2025-02-01,24800
102,2025-03-01,43900
102,2025-04-01,58000
102,2025-05-01,45800
102,2025-06-01,43800
102,2025-07-01,54700
102,2025-08-01,45500
102,2025-09-01,40300
102,2025-10-01,76200
102,2025-11-01,70700
102,2025-12-01,69500
102,2026-01-01,24400
102,2026-02-01,69000
102,2026-03-01,34400
102,2026-04-01,72600
102,2026-05-01,105000
102,2026-06-01,59100
102,2026-07-01,46200
102,2026-08-01,61800
102,2026-09-01,59400
103,2024-01-01,36500
103,2024-02-01,35400
103,2024-03-01,23400
103,2024-04-01,11200
103,2024-05-01,18500
103,2024-06-01,31700
103,2024-07-01,48100
103,2024-08-01,38100
103,2024-09-01,19200
103,2024-10-01,24300
103,2024-11-01,38300
103,2024-12-01,41500
103,2025-01-01,40200
103,2025-02-01,36200
103,2025-03-01,26400
103,2025-04-01,12400
103,2025-05-01,18900
103,2025-06-01,34800
103,2025-07-01,50100
103,2025-08-01,43900
103,2025-09-01,20000
103,2025-10-01,25300
103,2025-11-01,43500
103,2025-12-01,46900
103,2026-01-01,27700
103,2026-02-01,22800
103,2026-03-01,23400
103,2026-04-01,28200
103,2026-05-01,38500
103,2026-06-01,28400
103,2026-07-01,34800
103,2026-08-01,31500
103,2026-09-01,43000
201,2024-01-01,53100
201,2024-02-01,55300
201,2024-03-01,46300
201,2024-04-01,58100
201,2024-05-01,72400
201,2024-06-01,79100
201,2024-07-01,71300
201,2024-08-01,73900
201,2024-09-01,56600
201,2024-10-01,41900
201,2024-11-01,43600
201,2024-12-01,68400
201,2025-01-01,57900
201,2025-02-01,60400
201,2025-03-01,47500
201,2025-04-01,61000
201,2025-05-01,80100
201,2025-06-01,78000
201,2025-07-01,74000
201,2025-08-01,78300
201,2025-09-01,59800
201,2025-10-01,43700
201,2025-11-01,45100
201,2025-12-01,71300
201,2026-01-01,61000
201,2026-02-01,34500
201,2026-03-01,69100
201,2026-04-01,80900
201,2026-05-01,80300
201,2026-06-01,48000
201,2026-07-01,63000
201,2026-08-01,53500
201,2026-09-01,78100
202,2024-01-01,8200
202,2024-02-01,5800
202,2024-03-01,14800
202,2024-04-01,54900
202,2024-05-01,25600
202,2024-06-01,14400
202,2024-07-01,12700
202,2024-08-01,27300
202,2024-09-01,19200
202,2024-10-01,12300
202,2024-11-01,25400
202,2024-12-01,22500
202,2025-01-01,8300
202,2025-02-01,5900
202,2025-03-01,15800
202,2025-04-01,54400
202,2025-05-01,25200
202,2025-06-01,14700
202,2025-07-01,13000
202,2025-08-01,28600
202,2025-09-01,19400
202,2025-10-01,12800
202,2025-11-01,28300
202,2025-12-01,23600
202,2026-01-01,27200
202,2026-02-01,26400
202,2026-03-01,59600
202,2026-04-01,16000
202,2026-05-01,34300
202,2026-06-01,18300
202,2026-07-01,21900
202,2026-08-01,14400
202,2026-09-01,27000
203,2024-01-01,6800
203,2024-02-01,26100
203,2024-03-01,16400
203,2024-04-01,12700
203,2024-05-01,16000
203,2024-06-01,27500
203,2024-07-01,17300
203,2024-08-01,29200
203,2024-09-01,4400
203,2024-10-01,17700
203,2024-11-01,38200
203,2024-12-01,17400
203,2025-01-01,6900
203,2025-02-01,27600
203,2025-03-01,17000
203,2025-04-01,13500
203,2025-05-01,16400
203,2025-06-01,28300
203,2025-07-01,17400
203,2025-08-01,28700
203,2025-09-01,4900
203,2025-10-01,18600
203,2025-11-01,41600
203,2025-12-01,18500
203,2026-01-01,20100
203,2026-02-01,32900
203,2026-03-01,19600
203,2026-04-01,17800
203,2026-05-01,10400
203,2026-06-01,28700
203,2026-07-01,19900
203,2026-08-01,7500
203,2026-09-01,21700
204,2024-01-01,8700
204,2024-02-01,13500
204,2024-03-01,14700
204,2024-04-01,49100
204,2024-05-01,6000
204,2024-06-01,34800
204,2024-07-01,14000
204,2024-08-01,30700
204,2024-09-01,34200
204,2024-10-01,23400
204,2024-11-01,23900
204,2024-12-01,25100
204,2025-01-01,9000
204,2025-02-01,13800
204,2025-03-01,14600
204,2025-04-01,52500
204,2025-05-01,6600
204,2025-06-01,35200
204,2025-07-01,14300
204,2025-08-01,31800
204,2025-09-01,35800
204,2025-10-01,25100
204,2025-11-01,25800
204,2025-12-01,25700
204,2026-01-01,21100
204,2026-02-01,21900
204,2026-03-01,23100
204,2026-04-01,12300
204,2026-05-01,27300
204,2026-06-01,17100
204,2026-07-01,16100
204,2026-08-01,8700
204,2026-09-01,12100
301,2024-01-01,43400
301,2024-02-01,76000
301,2024-03-01,107900
301,2024-04-01,76100
301,2024-05-01,78900
301,2024-06-01,64900
301,2024-07-01,67500
301,2024-08-01,77000
301,2024-09-01,77900
301,2024-10-01,62900
301,2024-11-01,84500
301,2024-12-01,92700
301,2025-01-01,45000
301,2025-02-01,79900
301,2025-03-01,107600
301,2025-04-01,74300
301,2025-05-01,77500
301,2025-06-01,68000
301,2025-07-01,68000
301,2025-08-01,80500
301,2025-09-01,82800
301,2025-10-01,68400
301,2025-11-01,92700
301,2025-12-01,96200
301,2026-01-01,50100
301,2026-02-01,93200
301,2026-03-01,76000
301,2026-04-01,67500
301,2026-05-01,72900
301,2026-06-01,62100
301,2026-07-01,70700
301,2026-08-01,81700
301,2026-09-01,79200
302,2024-01-01,36400
302,2024-02-01,56400
302,2024-03-01,53500
302,2024-04-01,47700
302,2024-05-01,53000
302,2024-06-01,74000
302,2024-07-01,63400
302,2024-08-01,55400
302,2024-09-01,94000
302,2024-10-01,71200
302,2024-11-01,72800
302,2024-12-01,77800
302,2025-01-01,35800
302,2025-02-01,61000
302,2025-03-01,54100
302,2025-04-01,51200
302,2025-05-01,52700
302,2025-06-01,73700
302,2025-07-01,63600
302,2025-08-01,57600
302,2025-09-01,97100
302,2025-10-01,77800
302,2025-11-01,80300
302,2025-12-01,82500
302,2026-01-01,41800
302,2026-02-01,55000
302,2026-03-01,50000
302,2026-04-01,69100
302,2026-05-01,72800
302,2026-06-01,55800
302,2026-07-01,65100
302,2026-08-01,82600
302,2026-09-01,66800
303,2024-01-01,31700
303,2024-02-01,54800
303,2024-03-01,38600
303,2024-04-01,36000
303,2024-05-01,44900
303,2024-06-01,70700
303,2024-07-01,60900
303,2024-08-01,55000
303,2024-09-01,51200
303,2024-10-01,39000
303,2024-11-01,51200
303,2024-12-01,78600
303,2025-01-01,31000
303,2025-02-01,57400
303,2025-03-01,38100
303,2025-04-01,39600
303,2025-05-01,46000
303,2025-06-01,76900
303,2025-07-01,67100
303,2025-08-01,55600
303,2025-09-01,51300
303,2025-10-01,41000
303,2025-11-01,51800
303,2025-12-01,78100
303,2026-01-01,57800
303,2026-02-01,14400
303,2026-03-01,41800
303,2026-04-01,72700
303,2026-05-01,40900
303,2026-06-01,37400
303,2026-07-01,75300
303,2026-08-01,57100
303,2026-09-01,56400
304,2024-01-01,16000
304,2024-02-01,25500
304,2024-03-01,67700
304,2024-04-01,23900
304,2024-05-01,27200
304,2024-06-01,24900
304,2024-07-01,29800
304,2024-08-01,31600
304,2024-09-01,22500
304,2024-10-01,38900
304,2024-11-01,19800
304,2024-12-01,32600
304,2025-01-01,17000
304,2025-02-01,28100
304,2025-03-01,66200
304,2025-04-01,25900
304,2025-05-01,28400
304,2025-06-01,24400
304,2025-07-01,30200
304,2025-08-01,32500
304,2025-09-01,24100
304,2025-10-01,42600
304,2025-11-01,20500
304,2025-12-01,35800
304,2026-01-01,71100
304,2026-02-01,15000
304,2026-03-01,26000
304,2026-04-01,21200
304,2026-05-01,20800
304,2026-06-01,33200
304,2026-07-01,36600
304,2026-08-01,36000
304,2026-09-01,45000
305,2024-01-01,18300
305,2024-02-01,29300
305,2024-03-01,16800
305,2024-04-01,25300
305,2024-05-01,24000
305,2024-06-01,16100
305,2024-07-01,15400
305,2024-08-01,39800
305,2024-09-01,18900
305,2024-10-01,24600
305,2024-11-01,56700
305,2024-12-01,38100
305,2025-01-01,18500
305,2025-02-01,29400
305,2025-03-01,17600
305,2025-04-01,25000
305,2025-05-01,23800
305,2025-06-01,16100
305,2025-07-01,16400
305,2025-08-01,40300
305,2025-09-01,18400
305,2025-10-01,25600
305,2025-11-01,56200
305,2025-12-01,39000
305,2026-01-01,14700
305,2026-02-01,12400
305,2026-03-01,15900
305,2026-04-01,25900
305,2026-05-01,35600
305,2026-06-01,31200
305,2026-07-01,19300
305,2026-08-01,13300
305,2026-09-01,14800
401,2024-01-01,20200
401,2024-02-01,23600
401,2024-03-01,41200
401,2024-04-01,44800
401,2024-05-01,23700
401,2024-06-01,30900
401,2024-07-01,40500
401,2024-08-01,17300
401,2024-09-01,33400
401,2024-10-01,24900
401,2024-11-01,21900
401,2024-12-01,53100
401,2025-01-01,20700
401,2025-02-01,25000
401,2025-03-01,42000
401,2025-04-01,49700
401,2025-05-01,24900
401,2025-06-01,31800
401,2025-07-01,46600
401,2025-08-01,19200
401,2025-09-01,37800
401,2025-10-01,28500
401,2025-11-01,25100
401,2025-12-01,56500
401,2026-01-01,30500
401,2026-02-01,20200
401,2026-03-01,49500
401,2026-04-01,45900
401,2026-05-01,87100
401,2026-06-01,23500
401,2026-07-01,45000
401,2026-08-01,51100
401,2026-09-01,42300
402,2024-01-01,13500
402,2024-02-01,14100
402,2024-03-01,25300
402,2024-04-01,17900
402,2024-05-01,16100
402,2024-06-01,17900
402,2024-07-01,50900
402,2024-08-01,22500
402,2024-09-01,28500
402,2024-10-01,16300
402,2024-11-01,20200
402,2024-12-01,34500
402,2025-01-01,15100
402,2025-02-01,16200
402,2025-03-01,26300
402,2025-04-01,20000
402,2025-05-01,17500
402,2025-06-01,20500
402,2025-07-01,56600
402,2025-08-01,23100
402,2025-09-01,31400
402,2025-10-01,17500
402,2025-11-01,21400
402,2025-12-01,36400
402,2026-01-01,33600
402,2026-02-01,35000
402,2026-03-01,39900
402,2026-04-01,20900
402,2026-05-01,27300
402,2026-06-01,14600
402,2026-07-01,29000
402,2026-08-01,55100
402,2026-09-01,20700
403,2024-01-01,7000
403,2024-02-01,8100
403,2024-03-01,8900
403,2024-04-01,16700
403,2024-05-01,21200
403,2024-06-01,11600
403,2024-07-01,24700
403,2024-08-01,38300
403,2024-09-01,26900
403,2024-10-01,21500
403,2024-11-01,27000
403,2024-12-01,25000
403,2025-01-01,8100
403,2025-02-01,8400
403,2025-03-01,10200
403,2025-04-01,18000
403,2025-05-01,21600
403,2025-06-01,12500
403,2025-07-01,28000
403,2025-08-01,42800
403,2025-09-01,29500
403,2025-10-01,22000
403,2025-11-01,30600
403,2025-12-01,27900
403,2026-01-01,16400
403,2026-02-01,14700
403,2026-03-01,18700
403,2026-04-01,16600
403,2026-05-01,29900
403,2026-06-01,15400
403,2026-07-01,25000
403,2026-08-01,14600
403,2026-09-01,48300
501,2024-01-01,45600
501,2024-02-01,39200
501,2024-03-01,46700
501,2024-04-01,41300
501,2024-05-01,67000
501,2024-06-01,66300
501,2024-07-01,53000
501,2024-08-01,65200
501,2024-09-01,77500
501,2024-10-01,93200
501,2024-11-01,90900
501,2024-12-01,107500
501,2025-01-01,51800
501,2025-02-01,46700
501,2025-03-01,54900
501,2025-04-01,45900
501,2025-05-01,73900
501,2025-06-01,78700
501,2025-07-01,60500
501,2025-08-01,76500
501,2025-09-01,86700
501,2025-10-01,104700
501,2025-11-01,108300
501,2025-12-01,126500
501,2026-01-01,96600
501,2026-02-01,61900
501,2026-03-01,88500
501,2026-04-01,77200
501,2026-05-01,75800
501,2026-06-01,124100
501,2026-07-01,110700
501,2026-08-01,57700
501,2026-09-01,149500
502,2024-01-01,16700
502,2024-02-01,33500
502,2024-03-01,90400
502,2024-04-01,46200
502,2024-05-01,50000
502,2024-06-01,40300
502,2024-07-01,45500
502,2024-08-01,36800
502,2024-09-01,35600
502,2024-10-01,50300
502,2024-11-01,58600
502,2024-12-01,69100
502,2025-01-01,19000
502,2025-02-01,36600
502,2025-03-01,97500
502,2025-04-01,53000
502,2025-05-01,57100
502,2025-06-01,43000
502,2025-07-01,53600
502,2025-08-01,44000
502,2025-09-01,42100
502,2025-10-01,55100
502,2025-11-01,69700
502,2025-12-01,75900
502,2026-01-01,29400
502,2026-02-01,35200
502,2026-03-01,69300
502,2026-04-01,30200
502,2026-05-01,64700
502,2026-06-01,45700
502,2026-07-01,55600
502,2026-08-01,71700
502,2026-09-01,46800
503,2024-01-01,31400
503,2024-02-01,35900
503,2024-03-01,37200
503,2024-04-01,56100
503,2024-05-01,53900
503,2024-06-01,75300
503,2024-07-01,38900
503,2024-08-01,35700
503,2024-09-01,32700
503,2024-10-01,59300
503,2024-11-01,39300
503,2024-12-01,84500
503,2025-01-01,36400
503,2025-02-01,42300
503,2025-03-01,42900
503,2025-04-01,65100
503,2025-05-01,63800
503,2025-06-01,89100
503,2025-07-01,42700
503,2025-08-01,41600
503,2025-09-01,37400
503,2025-10-01,68000
503,2025-11-01,45700
503,2025-12-01,101700
503,2026-01-01,30500
503,2026-02-01,25800
503,2026-03-01,66700
503,2026-04-01,140800
503,2026-05-01,35800
503,2026-06-01,44400
503,2026-07-01,45400
503,2026-08-01,73300
503,2026-09-01,62400
504,2024-01-01,42200
504,2024-02-01,18800
504,2024-03-01,16500
504,2024-04-01,20200
504,2024-05-01,10600
504,2024-06-01,12200
504,2024-07-01,24300
504,2024-08-01,8300
504,2024-09-01,36700
504,2024-10-01,30400
504,2024-11-01,34500
504,2024-12-01,53800
504,2025-01-01,48100
504,2025-02-01,22600
504,2025-03-01,18600
504,2025-04-01,23200
504,2025-05-01,12600
504,2025-06-01,13800
504,2025-07-01,27900
504,2025-08-01,9900
504,2025-09-01,42900
504,2025-10-01,36200
504,2025-11-01,41300
504,2025-12-01,57800
504,2026-01-01,23600
504,2026-02-01,6500
504,2026-03-01,16200
504,2026-04-01,29600
504,2026-05-01,20900
504,2026-06-01,34800
504,2026-07-01,46300
504,2026-08-01,15500
504,2026-09-01,47000
