franchisee_id,franchisee,owner_email
0,Corporate-owned,corporate.ops@example.com
1,Harborline Hospitality,dana.reyes@example.com
2,Copper Kettle Group,sam.whitfield@example.com
3,Bluebonnet Eats LLC,priya.natarajan@example.com
4,Lakeshore Cafés Inc.,marcus.bell@example.com
5,Summit Street Foods,elena.kowalski@example.com
6,Palmetto Morning Co.,jordan.akers@example.com
7,Great Plains Bakehouse,tomas.herrera@example.com
8,Cascade Table Partners,aisha.mensah@example.com
9,Granite State Kitchens,ben.okafor@example.com
10,Desert Bloom Dining,lucia.fontaine@example.com
